id,name
12,"Apeejay Stya University, Sohna"
26,"Academy of Aviation Engineering and Technology, Visakhapatnam"
51,"Assam Down Town University, Guwahati"
52,"Rajiv Gandhi University, Itanagar"
64,"Alice Institute of Technology, Ranchi"
67,"Amrapali Institute of Technology, Lakhisarai"
68,"Asian Institute of Engineering and Technology, Lucknow"
69,"Anubhav Institute of Engineering and Management, Kanpur"
99,"Akula Gopayya College of Engineering and Technology, Tadepalligudem"
126,"Assam University, Silchar"
160,Atal Bihari Vajpayee Indian Institute of Information Technology and Management Gwalior
255,"Azad College of Engineering for Women, Hyderabad"
256,"Ayodhya Prasad Management Institute and Technology, Allahabad"
257,"Aware Madhavanji College of Engineering, Hyderabad"
258,"Awadh Institute of Technology, Lucknow"
259,"Apostle Institute of Technology for Women, Greater Noida"
260,"Apex Engineering College, Warangal"
261,"Anjan Narasimha Munaga Kancharia Thummapudi Institute of Technology and Management, Cuddapah"
262,"Andhra University, Visakhapatnam"
263,"Al-Aman College of Engineering, Visakhapatnam"
264,"AMR Institute of Technology, Adilabad"
271,"Sam Higginbottom Institute of Agriculture Technology and Science, Allahabad"
291,"ANMKT Institute of Technology and Management, Cuddapah"
309,"Sant Gadge Baba Amravati University, Amravati"
322,"Sushant University, Gurgaon"
353,"Amity University, Lucknow Campus"
381,"Amrapali University, Haldwani"
384,"Aurora's Business School, Hyderabad"
400,"ASBM University, Bhubaneswar"
406,"Ambedkar Institute of Management Studies, Visakhapatnam"
408,"Alluri Institute of Management Sciences, Warangal"
446,"Apeejay School of Management, Delhi"
448,"Asia-Pacific Institute of Management, New Delhi"
453,"Avinashilingam Institute for Home Science and Higher Education for Women, Coimbatore"
469,"Adani Institute of Infrastructure Management, Ahmedabad"
493,"Apeejay Institute of Technology- School of Management, Greater Noida"
511,"Algol School of Management and Technology, Gurgaon"
529,"Asian Institute of Communication and Research Business School, Raigad"
543,"Aravali Institute of Management, Jodhpur"
545,"Aligarh Muslim University, Aligarh"
558,"Acharya School of Management, Bangalore"
565,"Amity University elearning, Greater Noida"
566,"AIMA Centre for Management Education, Delhi"
588,All India Institute of Medical Sciences New Delhi
645,"ACCMAN Institute of Management, Greater Noida"
651,"Asian School of Management, Pune"
664,"Alakh Prakash Goyal Shimla University, Shimla"
685,"Acharya NG Ranga Agricultural University, Guntur"
687,"Adesh University, Bathinda"
688,"Adikavi Nannaya University, Rajahmundry"
5,"BS Abdur Rahman Crescent Institute of Science and Technology, Chennai"
10,"Baddi University of Emerging Sciences and Technology, Baddi"
46,"Biju Patnaik University of Technology, Rourkela"
56,"Buddha College of Engineering and Technology, Udaipur"
63,"BITS Pilani, Goa Campus"
78,"BKR College of Engineering and Technology, Tiruvallur"
83,"Babu Banarasi Das University, Lucknow"
87,"Bidhan Chandra Krishi Vishwavidyalaya, Nadia"
122,"Bhagwant University, Ajmer"
250,"Birla Institute of Technology, Mesra"
251,"Bharath Educational Society's  Group of Institutions- Faculty of Engineering, Chittoor"
252,Indian Institute of Engineering Science and Technology Shibpur
253,"Basavaraju Krishna Bai Laxmi Educational Society Group of Institutions Faculty of Engineering, Ibrahimpatnam"
254,"Bapu Institute of Technology and Management, Morena"
286,"Bundelkhand University, Jhansi"
304,"BITS Pilani- Hyderabad Campus, Hyderabad"
310,"Dr Babasaheb Ambedkar Marathwada University, Aurangabad"
378,"Bansal MBA College, Bhopal"
385,"Badruka Institute of Foreign Trade, Hyderabad"
410,"Bangalore Management Academy and BMA College of Arts Science and Commerce, Bangalore"
476,"Baba Ghulam Shah Badshah University, Jammu"
480,"BLS Institute of Management, Ghaziabad"
494,"Birla Institute of Management Technology, Greater Noida"
501,"Balaji Institute of International Business, Tathawade"
502,"Balaji Institute of Management and Human Resource Development, Tathawade"
503,"Balaji Institute of Modern Management, Pune"
504,"Balaji Institute of Technology and Management, Tathawade"
544,"Birla Institute of Technology and Science, Pilani"
564,"Bharath Institute of Higher Education and Research, Chennai"
573,"Birla Global University, Bhubaneswar"
589,"Bharathiar University, Coimbatore"
634,"Berhampur University, Berhampur"
650,"Bharatiya Vidya Bhavan's Usha and Lakshmi Mittal Institute of Management, New Delhi"
652,"Bangalore School of Business, Bangalore"
653,"Bhavan's Centre for Communication and Management, Bhubaneswar"
661,"Babasaheb Bhimrao Ambedkar University, Lucknow"
726,"Bharati Vidyapeeth, Pune"
732,"Banasthali Vidyapith, Banasthali"
800,"Bhavan's Priyamvada Birla Institute of Management, Mysore"
828,"Bharata Mata School of Legal Studies, Chunangamvely"
847,"Bridge School of Management, Gurgaon"
865,"Bridge School of Management, Noida"
875,"Banaras Hindu University, Varanasi"
885,"Bharathidasan University, Tiruchirappalli"
888,"Bangalore University, Bangalore"
902,"University of Burdwan, Bardhaman"
939,"Baba Farid University of Health Sciences, Faridkot"
940,"Shaheed Mahendra Karma Vishwavidyalaya, Jagdalpur"
941,"Bhagat Phool Singh Mahila Vishwavidyalaya, Khanpur Kalan"
943,"Baba Mastnath University, Rohtak"
49,"CMJ University, Shillong"
65,"Chhattisgarh Swami Vivekanand Technical University, Bhilai"
66,"Dr CV Raman University, Bilaspur"
102,"Christ University, Bangalore"
244,"College of Technology, GB Pant University of Agriculture and Technology, Pantnagar"
245,"CM Engineering College, Secunderabad"
246,"City Women College of Engineering and Technology, Hyderabad"
247,"Chitkara University, Patiala"
248,"Chaitanya Bahu Uddeshiya Sanstha's College of Engineering and Management, Amravati"
249,"CEPT University, Ahmedabad"
325,"Centurion University of Technology and Management, Paralakhemundi"
326,"Chandigarh University, Chandigarh"
330,"Career Point University, Kota"
364,"Chaitanya Engineering College, Bhimavaram"
393,"Chandargupt Institute of Management, Patna"
415,"Centurion University of Technology and Management, Bhubaneswar"
441,"University of Calicut, Malappuram"
443,"Chennai Business School, Chennai"
481,"Campus B School, Ghaziabad"
539,"Ch Charan Singh National Institute of Agricultural Marketing, Jaipur"
554,"Centre for Management Development, Modinagar"
566,"AIMA Centre for Management Education, Delhi"
568,"Centre for Distance Education, Bharathidasan University, Tiruchirappalli"
607,"King George's Medical University, Lucknow"
642,"Cosmic Business School, New Delhi"
703,"Central University of South Bihar, Patna"
706,"Central University of Haryana, Mahendergarh"
707,"Central University of Himachal Pradesh, Dharamshala"
708,"Central University of Jammu, Jammu"
709,"Central University of Jharkhand, Ranchi"
717,"Central University of Karnataka, Gulbarga"
718,"Central University of Kashmir, Srinagar"
719,"Central University of Kerala, Kasaragod"
720,"Central University of Odisha, Koraput"
721,"Central University of Punjab, Bathinda"
722,"Central University of Rajasthan, Ajmer"
757,"Chaudhary Charan Singh Haryana Agricultural University, Hisar"
761,"Central Institute of Fisheries Education, Mumbai"
764,"Chaudhary Sarwan Kumar Himachal Pradesh Krishi Vishvavidyalaya, Palampur"
773,"Chennai Mathematical Institute, Chennai"
775,"Central Sanskrit University, New Delhi"
799,"Chanakya National Law University, Patna"
804,"Calcutta Business School, Bishnupur"
812,"Cochin University of Science and Technology, Kochi"
823,"CSI Institute of Legal Studies, Cheruvarakonam"
824,"Co-Operative School of Law, Thodupuzha"
868,"CT Institute of Hotel Management and Catering Technology, Jalandhar"
878,"University of Calcutta, Kolkata"
890,"Chaudhary Charan Singh University, Meerut"
917,"Chaudhary Devi Lal University, Sirsa"
16,"Dr MGR Educational and Research Institute, Chennai"
40,"Dr BR Ambedkar Institute of Technology, Karaikal"
66,"Dr CV Raman University, Bilaspur"
79,"Dhirubhai Ambani Institute of Information and Communication Technology, Gandhinagar"
91,"Deen Bandhu Chhotu Ram University of Science and Technology, Murthal"
97,"Delhi Technological University, Delhi"
147,Dr B R Ambedkar National Institute of Technology Jalandhar
238,"Dr Y S Rajasekhar Reddy Institute of Engineering and Technology, Cuddapah"
239,"Dr Jaganath Mishra Institute of Technology, Darbhanga"
240,"Dr Babasaheb Ambedkar Technological University, Lonere"
241,"Don Bosco Institute of Technology and Science, Guntur"
242,"Dibrugarh University, Dibrugarh"
265,"Dr KN Modi University, Tonk"
267,"Dr Ram Manohar Lohia Avadh University, Faizabad"
279,"DIT University, Dehradun"
302,"Dr YSR Institute of Engineering and Technology, Cuddapah"
310,"Dr Babasaheb Ambedkar Marathwada University, Aurangabad"
311,"Doon College of Engineering and Technology, Dehradun"
387,"Dhruva College of Management, Hyderabad"
411,"Dayanand Sagar College of Management and Information Technology, Bangalore"
431,"DSMS Business school, Durgapur"
467,"Dronacharya Institute of Management and Technology, Kurukshetra"
508,"DIT School of Business, Greater Noida"
531,"Dr IT School of Business, Phagwara"
546,"Dr Gaur Hari Singhania Institute of Management and Research, Kanpur"
569,"Directorate of Distance Education, Maharshi Dayanand University, Rohtak"
616,Jawaharlal Institute of Postgraduate Medical Education and Research Puducherry
627,"Dr Ram Manohar Lohiya National Law University, Lucknow"
654,"Desh Bhagat University, Mandi Gobindgarh"
668,"Deen Dayal Upadhyaya Institute of Management and Higher Studies, Kanpur"
730,"Dayalbagh Educational Institute, Agra"
739,"Dharmsinh Desai University, Nadiad"
749,"Dr DY Patil University, Navi Mumbai"
752,"Datta Meghe Institute of Higher Education and Research, Wardha"
753,"DY Patil Education Society, Kolhapur"
768,"Dr Yashwant Singh Parmar University of Horticulture and Forestry, Nauni"
787,"Doon University, Dehradun"
810,"Damodaram Sanjivayya National Law University, Visakhapatnam"
853,"Dr Ambedkar Institue of Hotel Management Catering and Nutrition, Chandigarh"
859,"Dr YSR National Institute of Tourism and Hospitality Management, Hyderabad"
869,"Desh Bhagat Institute of Hotel Management and Catering Technology, Mandi Gobindgarh"
871,"Delhi Institute of Hotel Management and Catering Technology, New Delhi"
873,"University of Delhi, Delhi"
900,"Dr Harisingh Gour Vishwavidyalaya, Sagar"
905,"Deen Dayal Upadhyaya Gorakhpur University, Gorakhpur"
918,"Dr BR Ambedkar University, Srikakulam"
929,"Dr BR Ambedkar University, Agra"
931,"Dulari Institute of Pharmacy, Aligarh"
961,Dakshina Bharat Hindi Prachar Sabha Chennai
962,"Davangere University, Davangere"
36,"EVM College of Engineering and Technology, Guntur"
236,"Excel Institute of Management and Technology, Mathura"
237,"ESAR College of Engineering, Meerut"
648,"Entrepreneurship Development Institute of India, Gandhinagar"
663,"Era Business School, New Delhi"
684,"ESI Post Graduate Institute of Medical Sciences and Research, New Delhi"
984,"EIILM University, Jorethang"
985,"Eternal University, Sirmour"
1056,"English and Foreign Languages University, Hyderabad"
1425,"Engineering Staff College of India, Hyderabad"
1486,"Environmental Protection Training and Research Institute, Hyderabad"
1665,"Era University, Lucknow"
1675,"Express Institute of Media Studies, New Delhi"
1753,"Ecole Intuit Lab French Institute of Design and Visual Communication, Mumbai"
1805,"Engineers Combine Professional College, Gwalior"
1821,"Ekta Nursing School, Sabarkantha"
2005,"Excelsior Education Society KC College of Engineering, Thane"
2062,"Excel College of Architecture and Planning, Namakkal"
2208,"Eranad Knowledge City Technical Campus, Malappuram"
2266,"Government Engineering College, Bikaner"
2268,"Engineering College, Ajmer"
2433,"Educational Multimedia Research Centre, DAVV, Indore"
2913,"Elenki Engineering College, Siddipet"
3338,"Elenki Institute of Engineering and Technology, Medak"
4485,"Excel Engineering College, Namakkal"
4486,"Excel College of Technology, Namakkal"
4487,"Excel College of Engineering and Technology, Namakkal"
4488,"EVR College of Engineering and Technology, Nalgonda"
4489,"Everest College of Engineering and Technology, Aurangabad"
4491,"Eswar College of Engineering, Narasaraopet"
4492,"Eshan College of Engineering, Mathura"
4493,"Erode Sengunthar Engineering College, Thudupathi"
4494,"Builders Engineering College, Tirupur"
4495,"Er Perumal Manimekalai College of Engineering, Hosur"
4496,"ER and DCI Institute of Technology, Thiruvananthapuram"
4497,"Engineering College, Tuwa"
4498,"Eluru College of Engineering and Technology, Eluru"
4499,"Ellenki Engineering College for Women, Medak"
4500,"Ellenki College of Engineering and Technology, Hyderabad"
4501,"Eklavya College of Technology and Science, Bhubaneswar"
4502,"Ekalavya Institute of Technology, Chamarajanagar"
4503,"Einstein College of Engineering, Tirunelveli"
4504,"Einstein Academy of Technology and Management, Khordha"
4505,"Echelon Institute of Technology, Faridabad"
4506,"Easwari Engineering College, Chennai"
4507,"Eastern Academy of Science and Technology, Khordha"
4508,"East West Institute of Technology, Bangalore"
4510,"East Point College of Engineering and Technology, Bangalore"
4511,"EASA College of Engineering and Technology, Coimbatore"
4512,"ES Engineering College, Villupuram"
50,"Shillong Engineering and Management College, Jorabat"
452,"FORE School of Management, Delhi"
454,"Fortune Institute of International Business, Delhi"
455,"FOSTIIMA Business School, Delhi"
506,"FLAME University, Pune"
535,"Faculty of Management Studies, Institute of Rural Management, Jaipur"
631,"Fakir Mohan University, Balasore"
759,"Forest Research Institute, Dehradun"
1259,Footwear Design and Development Institute Noida
1289,"Food and Agri Business School, Hyderabad"
1524,"Florence College of Nursing, Dhamtari"
1730,"Frameboxx Animation and Visual Effects, Mumbai"
1746,"Film and Television Institute of India, Pune"
1770,"Frameboxx Animation and Visual Effects, Chandigarh"
1863,"Firebird Institute of Research in Management, Coimbatore"
1943,"School of Engineering and Technology, Manav Rachna International Institute of Research and Studies, Faridabad"
2076,"Flytech Aviation Academy, Ranga Reddy"
2132,"Faculty of Engineering and Technology, Jain University, Bangalore"
2414,"FIT Group of Institutions, Meerut"
2423,"Faculty of Architecture, Dr APJ Abdul Kalam Technical University, Lucknow"
2674,"Farah Institute of Technology, Chevella"
2676,"Farah Engineering College, Chevella"
4005,"Faculty of Engineering and Technology, Khaja Bandanawaz University, Kalaburagi"
4471,"Future Institute of Engineering and Management, Kolkata"
4472,"Future Institute of Engineering and Technology, Bareilly"
4473,"Francis Xavier Engineering College, Tirunelveli"
4474,"Fr Conceicao Rodrigues College of Engineering, Mumbai"
4475,"Fr C Rodrigues Institute of Technology, Navi Mumbai"
4476,"Focus Institute of Engineering and Management, Bareilly"
4477,"Flora Institute of Technology, Pune"
4478,"Finolex Academy of Management and Technology, Ratnagiri"
4479,"Ferozepur College of Engineering and Technology, Ferozepur"
4480,"Feroze Gandhi Institute of Engineering and Technology, Raebareli"
4481,"Federal Institute of Science and Technology, Ernakulam"
4482,"Fatima Michael College of Engineering and Technology, Madurai"
4484,"Fabtech Technical Campus, Solapur"
4598,"Faridabad College of Engineering and Management, Faridabad"
4714,"Chandigarh Engineering College, Jhanjeri"
4917,"Faculty of Engineering and Technology, Atmiya University, Rajkot"
5173,"Faculty of Engineering and Technology, Agra College, Agra"
5458,"Farook Institute of Management Studies, Kozhikode"
5500,"Faculty of Management Studies, University of Delhi, Delhi"
5526,"Faculty of Management Studies, MS Patel Institute of Management Studies, Vadodara"
5529,"School of Leadership and Management, Manav Rachna International Institute of Research and Studies, Faridabad"
5761,"Father Muller Institute of Medical Education and Research, Mangalore"
5774,"Faculty of Law, Banaras Hindu University, Varanasi"
5791,"Fergusson College, Pune"
5799,"Department of Computer Science, University of Delhi, Delhi"
5809,"School of Computer Applications, Manav Rachna International Institute of Research and Studies, Faridabad"
5925,"Farooqia Dental College and Hospital, Mysore"
8,"Galgotias University, Greater Noida"
96,"Guru Gobind Singh College of Engineering and Technology, Bathinda"
142,National Institute of Technology Raipur
221,"Guru Ghasidas Vishwavidyalaya, Bilaspur"
231,"Guru Jambheshwar University of Science and Technology, Hisar"
232,"Green Fort Engineering College, Hyderabad"
278,"Guru Nanak Dev University Regional Campus, Gurdaspur"
318,"Ganpat University, Mehsana"
347,"Graphic Era Hill University, Dehradun"
359,"Glocal School of Science and Technology, Saharanpur"
362,"Guru Gobind Singh Indraprastha University, Delhi"
365,"Guru Nanak Institute of Engineering and Technology, Ibrahimpatnam"
394,"Global Entrepreneurship and Management Academy, Patna"
444,"Great Lakes Institute of Management, Chennai"
456,"Global Entrepreneurship and Management Academy, Delhi"
468,"Goa Institute of Management, Goa"
496,"Graduate School of Business and Administration, Greater Noida"
530,"GNA University, Phagwara"
546,"Dr Gaur Hari Singhania Institute of Management and Research, Kanpur"
551,"GLA University, Mathura"
559,"Graphic Era University, Dehradun"
563,"Glocal School of Business and Commerce, Saharanpur"
611,"Guru Nanak College, Chennai"
635,"Guru Nanak Dev University, Amritsar"
647,"Globsyn Business School, Kolkata"
682,"Late Baliram Kashyap Memorial Government Medical College, Jagdalpur"
731,"Gandhigram Rural Institute, Dindigul"
740,"Gujarat Vidyapith, Ahmedabad"
741,"Gurukula Kangri Vishwavidyalaya, Haridwar"
760,"Govind Ballabh Pant University of Agriculture and Technology, Pantnagar"
767,"Guru Angad Dev Veterinary and Animal Sciences University, Ludhiana"
788,"GD Goenka University, Gurgaon"
794,"Gujarat National Law University, Gandhinagar"
822,"Government Law College, Thiruvananthapuram"
832,"Government Law College, Kozhikode"
840,"GITAM School of Technology, Hyderabad"
866,"Glocal University, Saharanpur"
893,"GITAM University, Visakhapatnam"
898,"Goa University,Taleigao Plateau, Goa"
903,"Gujarat University, Ahmedabad"
906,"Mahatma Gandhi University, Kottayam"
912,"Gauhati University, Guwahati"
913,"Gulbarga University, Gulbarga"
915,"Gujarat Technological University, Ahmedabad"
919,"Gate Institute of Technology and Management Sciences, Tirupati"
927,"Garden City University, Bangalore"
977,"Gautam Buddha University, Greater Noida"
978,"Geetanjali University, Udaipur"
986,"Gokhale Institute of Politics and Economics, Pune"
987,"Gondwana University, Gadchiroli"
9,"Himachal Pradesh Technical University, Hamirpur"
230,"Harcourt Butler Technical University, Kanpur"
346,"Hemvati Nandan Bahuguna Garhwal University, Pauri Garhwal"
348,"Himgiri Zee University, Dehradun"
374,"HL Agrawal College of Engineering, Itarsi"
436,"Heritage Institute of Technology Management Education Centre, Kolkata"
598,"Himachal Pradesh University, Shimla"
609,"Hidayatullah National Law University, Raipur"
655,"HDF School of Management, Cuttack"
867,"Hindustan Institute of Technology and Science, Chennai"
991,"Homi Bhabha National Institute, Mumbai"
992,"Homoeopathy University, Jaipur"
994,"Hemchandracharya North Gujarat University, Patan"
1285,"Himalayan University, Itanagar"
1309,"Hindu College, Amritsar"
1363,"Haridev Joshi University of Journalism and Mass Communication, Jaipur"
1364,"Hemwati Nandan Bahuguna Uttarakhand Medical Education University, Dehradun"
1498,"Herbal Cross Institute of Pharmacy, Cuttack"
1543,"Himalayan Institute of Management and Technology, New Delhi"
1597,"Hari Narayan Sah Bhuneshwar Janta College, Buxar"
1651,"Himachal Pradesh National Law University, Shimla"
1738,"Hind Mahila Vidyapeeth, Chandauli"
1801,"Hoshiarpur Institute of Management and Technology, Hoshiarpur"
1833,"Hosmat Educational Institute, Bangalore"
1860,"Hemchand Yadav Vishwavidyalaya, Durg"
1892,"Maharaja Agrasen Himalayan Garhwal University, Pauri"
2000,"Hanuman Vyayam Prasarak Mandal's College of Engineering and Technology, Amravati"
2060,"Hosur Institute of Technology and Science, Hosur"
2104,"Haji Mohammad Khasim Saheb and Mohammad Galab Saheb College of Engineering, Guntur"
2134,"HKE Society's SLN College of Engineering, Raichur"
2158,"Hooghly Institute of Technology, Hooghly"
2371,"Heeralal Yadav Institute of Technology and Management, Lucknow"
2391,"Himalayan Institute of Technology and Management, Lucknow"
2473,"Holy Grace Academy of Engineering, Mala"
2566,"HR Institute of Technology, Ghaziabad"
2567,"Hitkarini College of Engineering and Technology, Jabalpur"
2568,"Hindusthan College of Engineering and Technology, Coimbatore"
3523,"HKE Society's PDA College of Engineering, Gulbarga"
4255,"Hyderabad Institute of Technology and Management, Medchal"
4256,"Hooghly Engineering and Technology College, Hooghly"
4257,"Holycross Engineering College, Thoothukudi"
4258,"Holy Mary Institute of Technology and Science, Keesara"
4259,"Holy Mary Institute of Technology, Keesara"
4260,"Holy Kings College of Engineering and Technology, Ernakulam"
4261,"HMS Institute of Technology, Tumkur"
4262,"HMR Institute of Technology and Management, Delhi"
4263,"HMFA Memorial Institute of Engineering and Technology, Allahabad"
4264,"HKBK College of Engineering, Bangalore"
4265,"HJD Institute of Technical Education and Research, Kutch"
4266,"Hi-Tech Institute of Technology, Aurangabad"
2,Indian Institute of Technology Delhi
7,"IFTM University, Moradabad"
15,Indian Institute of Science Education and Research Mohali
35,"International Institute of Information Technology, Hyderabad"
38,International Institute of Information Technology Bangalore
41,"International Institute of Information Technology, Kolkata"
58,"The NorthCap University, Gurgaon"
61,"Indus International University, Una"
85,"Indira Gandhi Delhi Technical University for Women, Delhi"
103,Indian Institute of Technology Banaras Hindu University Varanasi
104,Indian Institute of Technology Indore
105,Indian Institute of Technology Mandi
106,Indian Institute of Technology Jodhpur
107,Indian Institute of Technology Patna
108,Indian Institute of Technology Gandhinagar
109,Indian Institute of Technology Hyderabad
110,Indian Institute of Technology Bhubaneswar
111,Indian Institute of Technology Ropar
112,Indian Institute of Technology Roorkee
113,Indian Institute of Technology Guwahati
114,Indian Institute of Technology Kanpur
115,Indian Institute of Technology Madras
116,Indian Institute of Technology Bombay
117,Indian Institute of Technology Kharagpur
118,Indian Institute of Science Education and Research Thiruvananthapuram
119,Indian Institute of Science Education and Research Bhopal
120,Indian Institute of Science Education and Research Kolkata
121,Indian Institute of Science Education and Research Pune
160,Atal Bihari Vajpayee Indian Institute of Information Technology and Management Gwalior
191,"ITM University, Gwalior"
200,Indian Institute of Information Technology Design and Manufacturing Kancheepuram
219,"Islamic University of Science and Technology, Pulwama"
220,"International Institute of Information Technology, Bhubaneswar"
224,"Institute of Chemical Technology, Mumbai"
225,"Indraprastha Institute of Information Technology, Delhi"
226,Indian Institute of Technology Indian School of Mines Dhanbad
227,"Indian Institute of Space Science and Technology, Thiruvananthapuram"
228,Indian Institute of Information Technology Allahabad
229,"ICFAI Foundation for Higher Education, Hyderabad"
252,Indian Institute of Engineering Science and Technology Shibpur
268,PDPM Indian Institute of Information Technology Design and Manufacturing Jabalpur
315,"ICFAI University, Raipur"
316,"ITM University, Raipur"
328,"Institute of Advanced Studies in Education, Churu"
331,"ICFAI University, Jaipur"
345,"Indian Maritime University, Chennai"
354,"Integral University, Lucknow"
375,Indian Institute of Management Raipur
376,"ICFAI University, Dehradun"
377,"Institute of Management Studies, Dehradun"
14,"Jawaharlal Nehru Architecture and Fine Arts University, Hyderabad"
34,"Jawaharlal Nehru Technological University, Hyderabad"
43,"Jawaharlal Nehru Krishi Vishwavidyalaya, Jabalpur"
86,"Jai Narain Vyas University, Jodhpur"
123,"Jodhpur National University, Jodhpur"
157,"Jaypee University of Information Technology, Solan"
158,"Jaypee University of Engineering and Technology, Guna"
159,"Jaipur National University, Jaipur"
161,"JC Bose University of Science and Technology, YMCA, Faridabad"
182,"JSS Science and Technology University, Mysuru"
216,"Jaypee Institute of Information Technology, Noida"
217,"Jamia Hamdard, New Delhi"
218,"JB Women's Engineering College, Tirupati"
222,"Jiwaji University, Gwalior"
269,"Jayoti Vidyapeeth Women's University, Jaipur"
274,"JK Lakshmipat University, Jaipur"
283,"Jawaharlal Nehru Technological University, Kakinada"
284,"Jawaharlal Nehru Technological University, Anantapur"
329,"Janardan Rai Nagar Rajasthan Vidyapeeth, Udaipur"
332,"Jagannath University, Jaipur"
333,"JECRC University, Jaipur"
392,"Jawaharlal Nehru Institute of Business Management, Ujjain"
419,"Jagdish Sheth School of Management, Bangalore"
472,"University of Jammu, Jammu"
474,"JV Institute of Management Studies, Jamnagar"
519,"JK Padampat Singhania Institute of Management and Technology, Gurgaon"
524,"Jaipuria Institute of Management, Noida"
536,"Jagan Institute of Management Studies, Jaipur"
537,"Jaipuria Institute of Management, Jaipur"
549,"Jaipuria Institute of Management, Lucknow"
578,"Jaipuria Institute of Management, Indore"
596,"Jamia Millia Islamia, New Delhi"
614,"JD Institute of Fashion Technology, Delhi"
616,Jawaharlal Institute of Postgraduate Medical Education and Research Puducherry
716,"Jagannath University, Jhajjar"
742,"Jagadguru Rambhadracharya Handicapped University, Chitrakoot Dham"
772,"Jawaharlal Nehru Centre for Advanced Scientific Research, Bangalore"
805,"Jharkhand Rai University, Ranchi"
876,"Jawaharlal Nehru University, New Delhi"
892,"Jadavpur University, Kolkata"
896,"JSS Academy of Higher Education and Research, Mysuru"
988,"Jai Prakash Vishwavidyalaya, Chapra"
1121,"Jain Deemed to be University, Bangalore"
1154,"Jagadguru Ramanandacharya Rajasthan Sanskrit University, Jaipur"
1155,"Jain Vishva Bharati Institute, Ladnun"
1163,"Junagadh Agricultural University, Junagadh"
1200,"Jagran Lakecity University, Bhopal"
1237,"J M Patel College of Arts, Commerce and Science College, Bhandara"
1367,"Jaypee University, Anoopshahr"
1416,"JD Institute of Fashion Technology, Bangalore"
33,"Koneru Lakshmaiah Education Foundation, Guntur"
84,"Kishan Institute of Engineering and Technology, Meerut"
88,"Kakatiya University, Warangal"
98,"KLE Technological University, Hubballi"
156,"Karunya Institute of Technology and Sciences, Coimbatore"
169,"University of Kalyani, Kalyani"
213,"KIMS College of Engineering, Amalapuram"
214,"Kalinga Institute of Industrial Technology, Bhubaneswar"
215,"Kalasalingam Academy of Research and Education, Virudhunagar"
293,"Krishna's Pragati Institute of Technology, Rajahmundry"
306,"KDGM's Dr Uttamrao Mahajan Institute of Engineering and Technology, Chalisgaon"
317,"Kalinga University, Raipur"
343,"Karpagam Academy of Higher Education, Coimbatore"
421,"KKECS Institute of Management, Banaglore"
517,"Kirloskar Institute of Advanced Management Studies, Pune"
556,"Kirloskar Institute of Management, Harihar"
607,"King George's Medical University, Lucknow"
615,"Krishna Vishwa Vidyapeeth, Karad"
657,"Kejriwal Institute of Management and Development Studies, Ranchi"
662,"The Assam Kaziranga University, Jorhat"
751,"KLE Academy of Higher Education and Research, Belgaum"
762,"Kumaun University, Nainital"
766,"Kerala Agricultural University, Thrissur"
793,"K R Mangalam University, Gurugram"
816,"KLE Society's BV Bellad Law College, Belagavi"
817,"KLE Society's Gurusiddappa Kotambri Law College, Hubli"
826,"KMCT Law College, Malappuram"
879,"Kavayitri Bahinabai Chaudhari North Maharashtra University, Jalgaon"
883,"Kurukshetra University, Kurukshetra"
886,"University of Kerala, Thiruvananthapuram"
907,"University of Kashmir, Srinagar"
909,"Kuvempu University, Shankaraghatta"
911,"Karnataka University, Dharwad"
920,"Krishna University, Machilipatnam"
998,"Karnataka Samskrit University, Bangalore"
999,"Karnataka State Dr Gangubai Hangal Music and Performing Arts University, Mysore"
1000,"Kavikulguru Kalidas Sanskrit University, Nagpur"
1001,"Karnataka State Law University, Hubli"
1076,"University of Kota, Kota"
1109,"Vardhman Mahaveer Open University, Kota"
1152,"Kushabhau Thakre Patrakarita Avam Jansanchar Vishwavidyalaya, Raipur"
1153,"Krishna Kanta Handiqui State Open University, Guwahati"
1157,"Krantiguru Shyamji Krishna Verma Kachchh University, Bhuj"
1158,"Kolhan University, Chaibasa"
1159,"Karnataka Veterinary, Animal and Fisheries Sciences University, Bidar"
1160,"Karnataka Folklore University, Shiggavi"
1161,"Kannur University, Kannur"
1162,"Kadi Sarva Vishwavidyalaya, Gandhinagar"
1164,"Karnataka State Open University, Mysore"
1170,"Kameshwar Singh Darbhanga Sanskrit Vishwavidyalaya, Darbhanga"
11,"Lingaya's Vidyapeeth, Faridabad"
53,"LNM Institute of Information Technology, Jaipur"
155,"Lovely Professional University, Phagwara"
550,"University of Lucknow, Lucknow"
682,"Late Baliram Kashyap Memorial Government Medical College, Jagdalpur"
778,"Lakshmibai National Institute of Physical Education, Gwalior"
1150,"Lalit Narayan Mithila University, Darbhanga"
1180,"Lala Lajpat Rai University of Veterinary and Animal Sciences, Hisar"
1209,"Late Pandurang Patil Nursing College, Akola"
1370,"Lakulish Yoga University, Ahmedabad"
1549,"Lohia College, Churu"
1558,"Lal Bahadur Shastri Institute of Technology and Management, Indore"
1577,"Lala Mahadev Prasad Verma Balika Mahavidyalaya, Gosainganj"
1655,"LNCT University, Bhopal"
1731,"Lakhotia College of Design, Hyderabad"
1745,"LV Prasad Film and TV Academy, Chennai"
1934,"Late Yadavraodada Deshmukh Law College, Achalpur"
1992,"Late Shri Bapuraoji Deshmukh College of Architechure, Sewagram, Wardha"
1993,"Late Bhausaheb Hiray SS Trust's, College of Architecture, Bandra"
2055,"Lakshmi Chand Rajani College of Engineering and Technology, Thiruvallur"
2078,"Lumbini Group of Institutions, Hyderabad"
2178,"Lakshmi Narain College of Technology, Bhopal"
2179,"Lakshmi Narain College of Technology, Jabalpur"
2180,"Lakshmi Bai Sahuji Institute of Engineering and Technology, Jabalpur"
2197,"LBS College of Engineering, Kasaragod"
2302,"LR Institute of Engineering and Technology, Solan"
2318,"LJ Institute of Engineering and Technology, Ahmedabad"
2342,"Lakhmi Chand Institute of Technology, Bilaspur"
2348,"Loknayak Jai Prakash Institute of Technology, Chhapra"
2471,"Lord Krishna College of Engineering, Ghaziabad"
2495,"LD College of Engineering, Ahmedabad"
3908,"Lukhdhirji Engineering College, Morbi"
3909,"Ludhiana Group of Colleges, Ludhiana"
3910,"Ludhiana College of Engineering and Technology, Ludhiana"
3911,"Lucknow Model Institute of Technology and Management, Lucknow"
3912,"Lucknow Institute of Technology, Lucknow"
3913,"Loyola-ICAM College of Engineering and Technology, Chennai"
3914,"Loyola Institute of Technology and Management, Guntur"
3915,"Loyola Institute of Technology and Science, Kanyakumari"
3916,"Loyola Institute of Technology, Chennai"
3917,"Lourdes Matha College of Science and Technology, Thiruvananthapuram"
3918,"Lords Institute of Engineering and Technology, Hyderabad"
3919,"Lord Venkateshwaraa Engineering College, Kancheepuram"
3920,"Lord Krishna College of Technology, Indore"
3921,"Lord Jegannath College of Engineering and Technology, Kanyakumari"
3922,"Lord Ayyappa Institute of Engineering and Technology, Kancheepuram"
3923,"Lokmanya Tilak College of Engineering, Navi Mumbai"
3924,"Lingayas Institute of Management and Technology, Vijayawada"
3925,"Lingarajappa Engineering College, Bidar"
3926,"Lenora College of Engineering, Ramachandrapuram"
20,"Mulshi Institute of Technology and Research, Pune"
32,"MVR College of Engineering, Visakhapatnam"
47,"MIT University, Shillong"
59,"Manav Bharti University, Solan"
74,"Maharana Pratap Mangla Devi Institute of Computer Science Technology and Management, Gorakhpur"
75,"Madan Mohan Malaviya University of Technology, Gorakhpur"
77,"Mizoram University, Aizawl"
89,"MATS University, Raipur"
124,"Mewar University, Chittorgarh"
148,Motilal Nehru National Institute of Technology Allahabad Prayagraj
152,Maulana Azad National Institute of Technology Bhopal
163,"Maulana Abul Kalam Azad University of Technology, Kolkata"
208,"Mithra Institute of Technology, Srikakulam"
209,"Matrix Institute of Technology, Hyderabad"
210,"Mahavir Educational and Charitable Trust Group of Institutes- College of Engineering, Mansa"
211,"Maharishi Markandeshwar University, Solan"
212,"Maa Kaila Devi Institute of Information Technology, Gwalior"
223,"Mahatma Jyotiba Phule Rohilkhand University, Bareilly"
233,"MVN University, Palwal"
235,"Maharaja Sayajirao University of Baroda, Vadodara"
266,"Mary Matha College of Engineering and Technology, Thiruvananthapuram"
282,"Manipal University, Jaipur"
290,"Priyadarshini Institute of Science and Technology for Women, Khammam"
292,"Mody University of Science and Technology, Lakshmangarh"
294,"Moula Ali College of Engineering and Technology, Anantapur"
295,"Marconi Institute of Technology, Ranga Reddy"
307,"Marathwada Shikshan Prasarak Mandal's Faculty of Engineering, Aurangabad"
321,"Maharishi Markandeshwar University, Ambala"
334,"Mahatma Jyoti Rao Phoole University, Jaipur"
355,"Mangalayatan University, Aligarh"
356,"Monad University, Hapur"
402,"Magnus School of Business, Hyderabad"
403,"National Institute of Agricultural Extension Management, Hyderabad"
422,"MATS Institute of Management and Entrepreneurship, Bangalore"
423,"Mount Carmel Institute of Management, Bangalore"
424,"MS Ramaiah Institute of Management, Bangalore"
466,"Maharishi Markandeshwar Deemed to be University, Mullana"
473,"Maharaja Krishnakumarsinhji Bhavnagar University, Bhavnagar"
518,"MERC Institute of Management, Pune"
520,"Management Development Institute, Gurgaon"
525,"Maharishi Institute of Management, Noida"
532,"Management and Commerce Institute of Global Synergy, Ajmer"
538,"MKM Indian Institute of Management, Jaipur"
580,"Myra School of Business, Mysore"
582,Malaviya National Institute of Technology Jaipur
594,"MICA, Ahmedabad"
599,"Manorama School of Communication, Kottayam"
600,"Makhanlal Chaturvedi National University of Journalism and Communication, Bhopal"
633,"Mahatma Gandhi Chitrakoot Gramodaya Vishwavidyalaya, Chitrakoot"
646,"MITCON Institute of Management, Pune"
1,"North Eastern Regional Institute of Science and Technology, Nirjuli"
3,National Institute of Technology Uttarakhand
6,"Noida International University, Greater Noida"
18,"Rashtrasant Tukadoji Maharaj Nagpur University, Nagpur"
25,"Nightingale Institute of Technology, Coimbatore"
55,"NIMS University, Jaipur"
58,"The NorthCap University, Gurgaon"
127,National Institute of Technology Manipur
128,National Institute of Technology Goa
129,National Institute of Technology Sikkim
130,National Institute of Technology Puducherry Karaikal
131,National Institute of Technology Nagaland
132,National Institute of Technology Mizoram
133,National Institute of Technology Warangal
134,National Institute of Technology Tiruchirappalli
135,National Institute of Technology Delhi
136,National Institute of Technology Arunachal Pradesh
138,National Institute of Technology Srinagar
139,National Institute of Technology Silchar
140,National Institute of Technology Karnataka Surathkal
141,National Institute of Technology Rourkela
142,National Institute of Technology Raipur
143,National Institute of Technology Patna
145,National Institute of Technology Kurukshetra
146,National Institute of Technology Jamshedpur
147,Dr B R Ambedkar National Institute of Technology Jalandhar
149,National Institute of Technology Hamirpur
150,National Institute of Technology Durgapur
151,National Institute of Technology Calicut
153,National Institute of Technology Agartala
202,"Nova College of Engineering and Technology for Women, Vijayawada"
203,"Noorul Islam Centre For Higher Education, Kanyakumari"
204,"New-Tech Institute of Engineering and Technology, Dewas"
205,"New Netaji Institute of Technology, Nalgonda"
206,"Narsee Monjee Institute of Management Studies, Mumbai"
207,"Narsapur Institute of Technology, Narsapur"
276,"Nagar Yuvak Shikshak Sanstha, NYSS College of Engineering and Research, Nagpur"
287,"NCR Technical Campus, Aligarh"
305,"Navrachana University, Vadodara"
320,"National Institute of Food Technology Entrepreneurship and Management, Sonepat"
323,"NIILM University, Kaithal"
361,"National Dairy Research Institute, Karnal"
366,"Nova's Institute of Technology for Women, Eluru"
403,"National Institute of Agricultural Extension Management, Hyderabad"
445,"University of North Bengal, Siliguri"
464,"NSB - NIILM School of Business, Delhi"
483,Indian Institute of Management Mumbai
487,"NIMT Institute of Technology and Management, Ghaziabad"
489,"NIMT B-School Global, Ghaziabad"
491,"NIILM Centre for Management Studies, Greater Noida"
45,"Odisha University of Agriculture and Technology, Bhubaneswar"
100,"Osmania University, Hyderabad"
201,"OP Jindal University, Raigarh"
289,"Oriental University, Indore"
592,"Oasis Institute of Health Sciences and Research Centre, Pune"
666,"OP Jindal Global University, Sonipat"
1219,"Orient Flight School, Auroville"
1297,"Oriental School of Business, Navi Mumbai"
1383,"OPJS University, Rajgarh"
1526,"Oyster College of Nursing, Aurangabad"
2050,"Oxford College of Engineering, Tiruvannamalai"
2152,"OmDayal Group of Institutions, Howrah"
2174,"Oriental Institute of Science and Technology, Jabalpur"
2803,"Oriental College of Technology, Bhopal"
3602,"Oxford Engineering College, Tiruchirappalli"
3603,"Oxford College of Engineering and Management, Bhubaneswar"
3605,"Oriental Institute of Science and Technology, Bhopal"
3606,"Oriental Engineering College, Jabalpur"
3607,"Om Shanti Engineering College, Rajkot"
3608,"Om Sai Institute of Technology And Science, Bagpat"
3609,"Om Institute of Technology and Management, Hisar"
3610,"Om Engineering College, Junagadh"
3611,"Om College of Engineering, Wardha"
3612,"Ojaswini Institute of Management and Technology, Damoh"
3613,"Odaiyappa College of Engineering and Technology, Theni"
3614,"OASYS Institute of Technology, Tiruchirappalli"
4651,"Odisha University of Technology and Research, Bhubaneswar"
5238,"Om Institute of Technology, Shahera"
5432,"Orissa Engineering College, Jatni"
5638,"Om Kothari Institute of Management and Research, Kota"
5856,"Osmania Medical College, Hyderabad"
6384,"ODM Business School, Bhubaneswar"
6512,"Oriental School of Hotel Management, Lakkidi"
6587,"Osmania University College For Women, Hyderabad"
6846,"Omega College of Pharmacy, Ghatkesar"
7241,"Omega PG College, Ghatkesar"
7431,"OAA-MAVMM School of Management, Madurai"
7766,"Oxford College of Pharmacy, Ghaziabad"
7878,"Oyster Institute of Pharmacy, Aurangabad"
7888,"Oriental College of Pharmacy, Navi Mumbai"
8160,"Omkarananda Institute of Management and Technology, Rishikesh"
8243,"Oracle Institute of Management and Information Technology, Ballia"
8291,"Green Heaven Institute of Management and Research, Nagpur"
8729,"Oriental College of Commerce and Management, Mumbai"
9009,"Om Bio Sciences and Pharma College, Haridwar"
9133,"Om Bio Science and Management College, Haridwar"
9466,"Osmania College, Kurnool"
9552,"Oriental Institute of Management, Navi Mumbai"
9689,"Oriental College of Management, Bhopal"
9747,"Oxbridge College of Pharmacy, Bangalore"
24,"PMR Institute of Technology, Thiruvallur"
37,"PES University, Bangalore"
198,"Punjab Engineering College, Chandigarh"
199,"Princeton Institute of Engineering and Technology, Ghatkesar"
268,PDPM Indian Institute of Information Technology Design and Manufacturing Jabalpur
290,"Priyadarshini Institute of Science and Technology for Women, Khammam"
296,"Ponnur Engineering College, Ponnur"
297,"Prasad Institute of Technology and Science, Krishna"
324,"Ponnaiyah Ramajayam Institute of Science and Technology, Thanjavur"
335,"Pacific University, Udaipur"
336,"Pratap University, Jaipur"
350,"Peoples University, Bhopal"
373,"Prienceton College of Engineering and Technology , Ghatkesar"
425,"Prin LN Welingkar Institute of Management Development and Research, Bangalore"
442,"Pondicherry University, Puducherry"
498,"Pillai's Institute of Management, Navi Mumbai"
618,"Pravara Institute of Medical Sciences, Loni"
640,"Praxis Business School, Kolkata"
658,"Park Global School of Business Excellence, Coimbatore"
711,"PRIST University, Puducherry Campus"
737,"Periyar Maniammai Institute of Science and Technology, Thanjavur"
744,Postgraduate Institute of Medical Education and Research Chandigarh
755,"Punjab Agricultural University, Ludhiana"
862,"Pondicherry Institute of Hotel Management and Catering Technology, Pondicherry"
874,"Panjab University, Chandigarh"
897,"Punjabi University, Patiala"
914,"Pt Ravishankar Shukla University, Raipur"
922,"Palamuru University, Mahboobnagar"
923,"Princeton PG College, Hyderabad"
933,"Pandit Deendayal Energy University, Gandhinagar"
936,"Pt Deendayal Upadhyay Memorial Health Sciences and Ayush University of Chhattisgarh, Raipur"
1027,"Patna University, Patna"
1028,"Periyar University, Salem"
1032,"Poornima University, Jaipur"
1033,"Potti Sreeramulu Telugu University, Hyderabad"
1035,"Presidency University, Kolkata"
1036,"Pt Sundarlal Sharma Open University, Bilaspur"
1037,"IK Gujral Punjab Technical University, Jalandhar"
1043,"Prathima Institute of Medical Sciences, Karimnagar"
1066,"Pannala Ram Reddy College of Business Management, Hyderabad"
1068,"Punyashlok Ahilyadevi Holkar Solapur University, Solapur"
1296,"Pandit Bhagwat Dayal Sharma University of Health Sciences, Rohtak"
1306,"Pearl Academy, West Delhi Campus, New Delhi"
1325,"People Tree Education Society, Belgaum"
1345,"Presidency University, Bangalore"
1377,"Pacific Medical University, Udaipur"
1378,"Parul University, Vadodara"
1452,"Phulajis Degree College, Adilabad"
1463,"PD Pandey Rajpati Mahavidyalaya, Faizabad"
1467,"Pt Mahadev Shukla Krishak PG College, Basti"
1871,"Quantum University, Roorkee"
3457,"Quest Group of Institutions, Mohali"
3458,"Quba College of Engineering and Technology, Nellore"
3459,"Quantum School of Technology, Roorkee"
3460,"QIS Institute of Technology, Ongole"
3461,"QIS College of Engineering and Technology, Ongole"
5374,"Quantum School of Business, Roorkee"
6857,"QIS College of Pharmacy, Ongole"
7379,"Quaid-E-Millath Government College for Women, Chennai"
13334,"Queen Mary's College, Chennai"
19765,"Quadra Institute of Nursing, Roorkee"
19770,"Quadra Institute of Ayurveda, Roorkee"
25759,"Quli Qutub Shah Government Polytechnic, Hyderabad"
25981,"Qadar Ahmad Khan College of Pharmacy, Lucknow"
26905,"QIS College of Education, Ongole"
31368,QuickStart
32658,"Queen's University, Belfast"
32688,"Queen Mary University of London, London"
32704,QA
44621,"Quazi Ahmad Degree College, Darbhanga"
51163,"Queen's College of Food Technology and Research Foundation, Aurangabad"
53273,"Queen Margaret University, Edinburgh"
53397,"Queensland University of Technology, Brisbane"
53439,"Queens College of Arts and Science for Women, Pudukkottai"
54812,"Queen's University, Kingston"
55647,"Quinnipiac University, Hamden"
58098,"Qingdao University, Qingdao"
59072,Quest International University Malaysia
18,"Rashtrasant Tukadoji Maharaj Nagpur University, Nagpur"
19,"Rajaram Shinde Degree College of Architecture, Mumbai"
27,"Rajiv Gandhi University of Knowledge Technologies, Basar"
28,"Rajiv Gandhi University of Knowledge Technologies, Nuzvid"
29,"Rajiv Gandhi University of Knowledge Technologies, RK Valley Campus, Kadapa"
52,"Rajiv Gandhi University, Itanagar"
54,"Rajasthan Vidyapeeth Technology College, Udaipur"
62,"RK University, Rajkot"
81,"Rajasthan Technical University, Kota"
82,"Rajasthan University of Health Sciences, Jaipur"
138,National Institute of Technology Srinagar
140,National Institute of Technology Karnataka Surathkal
146,National Institute of Technology Jamshedpur
150,National Institute of Technology Durgapur
154,"Rajiv Gandhi Proudyogiki Vishwavidyalaya, Bhopal"
197,"Rajoli Veera Reddy Padmaja Engineering College, Cuddapah"
267,"Dr Ram Manohar Lohia Avadh University, Faizabad"
275,"Rohtak Institute of Engineering and Management, Rohtak"
298,"Rajahmundry Engineering College, Rajahmundry"
312,"Rabindranath Tagore College of Engineering For Women, Salem"
319,"Rai University, Ahmedabad"
351,"RKDF University, Bhopal"
352,"Rajiv Gandhi Institute of Petroleum Technology, Amethi"
369,"Rajiv Gandhi Institute of Information Technology, Amethi"
382,"Rai Business School, Bhopal"
399,Indian Institute of Management Shillong
426,"Rai Business School, Bangalore"
427,"RK Institute of Management and Computer Science, Bangalore"
434,"Rajagiri Centre for Business Studies, Cochin"
437,"Rajagiri School of Management, Cochin"
465,"Rai Business School, Delhi"
626,"Rajiv Gandhi National University of Law, Patiala"
632,"Rani Durgavati Vishwavidyalaya, Jabalpur"
671,"Ravenshaw University, Cuttack"
689,"Rabindranath Tagore University, Raisen"
775,"Central Sanskrit University, New Delhi"
776,"National Sanskrit University, Tirupati"
870,"Ranjita Institute of Hotel Management and Catering Technology, Bhubaneswar"
924,"Rayalaseema University, Kurnool"
1004,"Rajasthan University of Veterinary and Animal Sciences, Bikaner"
1005,Rajiv Gandhi National Institute of Youth Development Sriperumbudur
1006,"Dr Rajendra Prasad Central Agricultural University, Samastipur"
1009,"Rajiv Gandhi University of Health Sciences, Bangalore"
1010,"Rajmata Vijayaraje Scindia Krishi Vishwavidyalaya, Gwalior"
1011,"Rashtriya Raksha University, Gandhinagar"
1012,"Ramakrishna Mission Vivekananda Educational and Research Institute, Howrah"
1013,"Ranchi University, Ranchi"
1014,"Rani Channamma University, Belagavi"
1042,"Rabindra Bharati University, Kolkata"
1045,"Raja Mansingh Tomar Music and Arts University, Gwalior"
13,School of Planning and Architecture Vijayawada
17,"Shri PD Patil College of Engineering, Paldhi"
39,"Shree Sathguru Engineering College, Puducherry"
44,"Sambalpur University, Sambalpur"
50,"Shillong Engineering and Management College, Jorabat"
60,"Shoolini University of Biotechnology and Management Sciences, Solan"
71,"Sunder Deep College of Engineering and Technology, Ghaziabad"
76,"Shanmugha Arts Science Technology Research and Academy, Thanjavur"
90,"SD Institute of Technology and Management, Israna"
94,"Shri Venkteshwar Institute of Technology, Indore"
95,"Siksha 'O' Anusandhan, Bhubaneswar"
137,Sardar Vallabhbhai National Institute of Technology Surat
176,"St Peter's Institute of Higher Education and Research, Chennai"
177,"St John's College of Engineering and Technology for Women, Vellore"
178,"SSK college of Engineering and Technology, Coimbatore"
179,"Sri YPR College of Engineering and Technology, Medak"
180,"Sri Venkateswara University, Tirupati"
181,"Sri Vaishnavi College of Engineering, Srikakulam"
183,"Sri Chandrasekharendra Saraswathi Viswa Mahavidyalaya, Kanchipuram"
184,"Sreeramulu Institute of Technology, Tanuku"
185,"Sparta Institute of Technology and Management, Bhopal"
186,"Symbiosis Institute of Technology, Pune"
187,"Shri Mata Vaishno Devi University, Katra"
188,"Shree Krishna Educational and Charitable Society Groups of Institutions- Faculty of Engineering, Barnala"
189,"Seshachala Institute of Engineering and Technology, Puttur"
190,"SelaQui Academy of Higher Education, Dehradun"
192,"Sant Longowal Institute of Engineering and Technology, Longowal"
193,"Sana College of Engineering Technology and Research Institute, Kodad"
194,"Sakthi Engineering College, Thiruninravur"
195,"Sahasra College of Engineering for Women, Warangal"
196,"SB Institute of Engineering and Technology, Kaithal"
243,"Shivaji University, Kolhapur"
270,"Sir Padampat Singhania University, Udaipur"
271,"Sam Higginbottom Institute of Agriculture Technology and Science, Allahabad"
272,School of Planning and Architecture Delhi
273,School of Planning and Architecture Bhopal
281,"Sher-e-Kashmir University of Agricultural Sciences and Technology of Kashmir, Srinagar"
285,"Sri Krishnadevaraya University, Anantapur"
288,"Shiv Nadar University, Greater Noida"
299,"Sri Veeravenkata Satyanarayana Engineering College, Ongole"
300,"SV Institute of Engineering and Technology, Moinabad"
303,"SRM Institute of Science and Technology, Vadapalani Campus"
308,"Shree Vidyarthi Sudhar Sangha College of Engineering and Research, Nagpur"
309,"Sant Gadge Baba Amravati University, Amravati"
313,"Surya College of Engineering and Technology, Villupuram"
322,"Sushant University, Gurgaon"
327,"Sri Guru Granth Sahib World University, Fatehgarh Sahib"
337,"Sangam University, Bhilwara"
338,"Shri Jagdishprasad Jhabarmal Tibrewala University, Jhunjhunu"
339,"Singhania University, Jhunjhunu"
30,"TRV College of Engineering and Technology, Mahaboobnagar"
42,"Tapasya Shiksha Samiti, Bhopal"
58,"The NorthCap University, Gurgaon"
72,"Teerthanker Mahaveer University, Moradabad"
125,"Tezpur University, Tezpur"
174,"Thapar Institute of Engineering and Technology, Patiala"
175,"TERI School of Advanced Studies, New Delhi"
314,"The New Royal College of Engineering and Technology, Kancheepuram"
360,"Techno India University, Kolkata"
372,"Tirumala Integrated Campus, Nizamabad"
432,"T A Pai Management Institute, Manipal"
475,"Tolani Institute of Management Studies, Kachchh"
488,"Tata Institute of Social Sciences, Mumbai"
527,"TASMAC, Pune"
540,"Taxila Business School, Jaipur"
625,"The West Bengal National University of Juridical Sciences, Kolkata"
629,"The Tamilnadu Dr Ambedkar Law University, Chennai"
662,"The Assam Kaziranga University, Jorhat"
676,"The West Bengal University of Health Sciences, Kolkata"
680,"Tata Memorial Hospital, Mumbai"
698,"Techno Global University, Sironj"
758,"Tamil Nadu Agricultural University, Coimbatore"
771,"Tata Institute of Fundamental Research, Mumbai"
809,"Tamil Nadu National Law University, Tiruchirappalli"
820,"Tagore Teachers Training College, Jaipur"
925,"Telangana University, Nizamabad"
1047,"Tamil Nadu Physical Education and Sports University, Chennai"
1048,"Tamil Nadu Teachers Education University, Chennai"
1049,"Tamil Nadu Veterinary and Animal Sciences University, Chennai"
1050,"Tamil University, Thanjavur"
1051,"Tamil Nadu Open University, Chennai"
1060,"Thiruvalluvar University, Vellore"
1061,"Tilak Maharashtra Vidyapeeth, Pune"
1062,"Tilka Manjhi Bhagalpur University, Bhagalpur"
1063,"Tripura University, Suryamaninagar"
1064,"Tumkur University, Tumkur"
1203,"Tamil Nadu Dr MGR Medical University, Chennai"
1204,"The Institute of Chartered Accountants of India, New Delhi"
1225,"The Entrepreneurship School, Gurgaon"
1235,"Tej Pal Singh Tyagi Kushal Pal Tyagi Memorial Degree College, Muradnagar"
1240,"The Institutions of Engineers India, Kolkata"
1243,"The Bhopal School of Social Sciences, Bhopal"
1278,"Techno Institute of Management Sciences, Lucknow"
1298,"Telangana State Aviation Academy, Hyderabad"
1310,"Thadomal Shahani Centre for Management, Mumbai"
1366,"Transdisciplinary University, Bangalore"
1393,"The Tamil Nadu Dr J Jayalalithaa Music and Fine Arts University, Chennai"
1394,"Tamil Nadu Dr J Jayalalithaa Fisheries University, Nagapattinam"
1395,"Tantia University, Sri Ganganagar"
1396,"TeamLease Skills University, Vadodara"
47,"MIT University, Shillong"
80,"UPES, Dehradun"
112,Indian Institute of Technology Roorkee
169,"University of Kalyani, Kalyani"
170,"University College of Science, Technology and Agriculture, Kolkata"
171,"University College of Engineering, Thoothukudi"
277,"Uttar Banga Krishi Viswavidyalaya, Pundibari"
341,"University of Engineering and Management, Jaipur"
363,"UKA Tarsadia University, Bardoli"
441,"University of Calicut, Malappuram"
445,"University of North Bengal, Siliguri"
472,"University of Jammu, Jammu"
490,"Universal Business School, Raigad"
541,"Udai Institute of Management Studies, Jaipur"
550,"University of Lucknow, Lucknow"
581,"Uttaranchal Institute of Management, Dehradun"
584,"University of Hyderabad, Hyderabad"
597,"Savitribai Phule Pune University, Pune"
630,"Utkal University, Bhubaneswar"
677,"Uttar Pradesh University of Medical Sciences, Saifai"
763,"University of Agricultural Sciences, Bangalore"
765,"University of Agricultural Sciences, Dharwad"
873,"University of Delhi, Delhi"
878,"University of Calcutta, Kolkata"
880,"University of Madras, Chennai"
881,University of Allahabad Allahabad
886,"University of Kerala, Thiruvananthapuram"
887,"University of Mysore, Mysore"
891,"University of Mumbai, Mumbai"
899,"University of Rajasthan, Jaipur"
902,"University of Burdwan, Bardhaman"
907,"University of Kashmir, Srinagar"
1065,"University of Agricultural Sciences, Raichur"
1072,"University of Gour Banga, Malda"
1073,"University of Horticultural Sciences, Bagalkot"
1076,"University of Kota, Kota"
1079,"University of Patanjali, Haridwar"
1081,"University of Science and Technology, Ri Bhoi"
1099,"UP Rajarshi Tandon Open University, Allahabad"
1100,"Utkal University of Culture, Bhubaneswar"
1105,"Uttarakhand Open University, Haldwani"
1106,"Veer Chandra Singh Garhwali Uttarakhand University of Horticulture and Forestry, Bharsar"
1107,"Uttaranchal Sanskrit University, Haridwar"
1108,"Veer Madho Singh Bhandari Uttarakhand Technical University, Dehradun"
1116,"Dr APJ Abdul Kalam Technical University, Lucknow"
1148,"Maharaja Ganga Singh University, Bikaner"
1167,"UP Pandit Deen Dayal Upadhyaya Pashu Chikitsa Vigyan Vishwavidyalaya Evam Go Anusandhan Sansthan, Mathura"
1198,"IQ City Unitedworld School of Business, Kolkata"
1346,"University of Engineering and Management, Kolkata"
1399,"Uttarakhand Ayurved University, Dehradun"
21,"Vellore Institute of Technology, Vellore"
22,"Vinayaka Mission's Research Foundation, Salem"
23,"Vel's Institute of Science Technology and Advanced Studies, Chennai"
31,"Vignan's Foundation for Science Technology and Research, Guntur"
92,"Vel Tech Rangarajan Dr Sagunthala R and D Institute of Science and Technology, Chennai"
93,"Veer Bahadur Singh Purvanchal University, Jaunpur"
144,Visvesvaraya National Institute of Technology Nagpur
164,"Vyas Engineering College for Girls, Jodhpur"
165,"Vivekanandha Engineering College for Women, Tiruchengode"
166,"Vishwa Bharathi Institute of Technology and Sciences, Ranga Reddy"
167,"Visaka Engineering College, Visakhapatnam"
168,"Vijetha Institute of Technology and Science, Narsapur"
172,"Veer Surendra Sai University of Technology, Sambalpur"
280,"Vikram University, Ujjain"
301,"Vivekananda's Institute of Engineering and Technology, Ranga Reddy"
342,"Vivekananda Global University, Jaipur"
367,"SVPM's VM Institute of Engineering and Technology, Nagpur"
404,"Vignana Jyothi Institute of Management, Hyderabad"
478,"Vasantraodada Patil Institute of Management Studies and Research, Sangli"
528,"Vaikunth Mehta National Institute of Cooperative Management, Pune"
659,"Vanguard Business School, Bangalore"
678,"Vellore Institute of Technology, Chennai Campus"
769,"Vasantrao Naik Marathwada Krishi Vidyapeeth, Parbhani"
798,"Vishwakarma Global Business School, Pune"
835,"Vidyasagar University, Midnapore"
836,"Visvesvaraya Technological University, Belagavi"
877,Visva Bharati Santiniketan
926,"Vikrama Simhapuri University, Nellore"
983,"Vivekananda Institute of Technological Science, Malkapur"
1092,"Vidya Jyothi Institute of Management and Technology, Kurnool"
1102,"Vinoba Bhave University, Hazaribagh"
1103,"Sikkim Professional University, Sikkim"
1104,"Vijayanagara Sri Krishnadevaraya University, Bellary"
1106,"Veer Chandra Singh Garhwali Uttarakhand University of Horticulture and Forestry, Bharsar"
1108,"Veer Madho Singh Bhandari Uttarakhand Technical University, Dehradun"
1109,"Vardhman Mahaveer Open University, Kota"
1110,"Veer Kunwar Singh University, Ara"
1111,"Veer Narmad South Gujarat University, Surat"
1222,"Value Education, Ahmedabad"
1295,"Valia Chhaganlal Laljibahai College of Commerce and Valia Lilavantiben Chhaganlal College of Arts, Mumbai"
1334,"Vivekananda Institute of Professional Studies Technical Campus, Delhi"
1421,"Vidya International School of Business, Meerut"
1476,"Vidyasthali Mahila Shikshak Prashikshan Mahavidyalaya, Jaipur"
1540,"Vijay Marie School of Nursing, Hyderabad"
1561,"Vidya Sanskar Institute of Science Commerce and Management, Bangalore"
1643,"Venkateshwara Open University, Papum Pare"
1747,"Veermati Viddya Maha Vidyalaya, Sonbhadra"
1763,"VIT-AP University, Amaravati"
1784,"Vaugh Institute of Agricultural Engineering and Technology, Allahabad"
1853,"VIT University, Bhopal"
101,"West Bengal University of Animal and Fishery Sciences, Kolkata"
163,"Maulana Abul Kalam Azad University of Technology, Kolkata"
425,"Prin LN Welingkar Institute of Management Development and Research, Bangalore"
660,"WLC College, Noida"
676,"The West Bengal University of Health Sciences, Kolkata"
1097,"William Carey University, Shillong"
1098,"West Bengal State University, Kolkata"
1199,"Whistling Woods International, Mumbai"
1537,"White Memorial School of Nursing, Attoor"
1576,"WLCI College, New Delhi"
1851,"World University of Design, Sonipat"
2350,"Dr APJ Abdul Kalam Women's Institute of Technology, Darbhanga"
2591,"World Institute of Technology, Gurgaon"
2592,"World College of Technology and Management, Gurgaon"
2593,"Women's Institute of Engineering and Technology, Sitapur"
2594,"West Godavari Institute of Science and Engineering, West Godavari"
2595,"Wellfare Institute of Science Technology and Management, Visakhapatnam"
2596,"Watumull Institute of Engineering and Technology, Ulhasnagar"
2597,"Warangal Institute of Technology and Science, Warangal"
2599,"Walchand Institute of Technology, Solapur"
2600,"Walchand College of Engineering, Sangli"
2601,"Wainganga College of Engineering and Management, Nagpur"
5549,"Prin LN Welingkar Institute of Management Development and Research, Mumbai"
5767,"Welcomgroup Graduate School of Hotel Administration, Manipal University, Manipal"
6941,"Wanless College of Nursing, Miraj"
7471,"Wisdom School of Management, Coimbatore"
7755,"Women's Institute of Technology, Dehradun"
8232,"Western College of Commerce and Business Management, Navi Mumbai"
8315,"Wesley PG College, Secunderabad"
8474,"Wilson College, Mumbai"
9118,"Womens College of Pharmacy, Kolhapur"
10223,"Womens College, Jharsuguda"
10366,"Womens Christian College, Kolkata"
10444,"Waseem Turki Muslim Degree College, Fatehpur"
11045,"Women Polytechnic, Aizawl"
11793,"Women's Polytechnic, Agartala"
12071,"Wainganga Polytechnic, Sakoli"
12281,"Wadiyar Centre for Architecture, Mysuru"
12801,"Welcare College of Nursing, Ernakulam"
12989,"White Memorial College of Nursing, Attoor"
13016,"White Memorial Homoeo Medical College, Kanyakumari"
13250,"Women's Christian College, Nagercoil"
13311,"Westin College of Hotel Management, Hyderabad"
13337,"Women's Christian College, Chennai"
13500,"Warsi Vidhi Mahavidyalaya, Lucknow"
13913,"WMO Arts and Science College, Muttil"
14015,"Women's College, Calcutta"
14189,"Wadihuda Institute of Research and Advanced Studies, Kannur"
14316,"Walchand College of Arts and Science, Solapur"
14347,"White Memorial College of Arts and Science for Women, Thiruvananthapuram"
391,"Xavier Institute of Development Action and Studies, Jabalpur"
395,"XLRI-Xavier School of Management, Jamshedpur"
398,"Xavier Institute of Social Service, Ranchi"
430,"Xavier Institute of Management and Entrepreneurship, Bangalore"
1275,"Xavier Institute of Management and Entrepreneurship, Kochi"
1330,"XIM University, Bhubaneswar"
1780,"Xavier Institute of Management and Entrepreneurship, Chennai"
2590,"Xavier Institute of Engineering, Mumbai"
5430,"Xavier Institute of Management, XIM University, Bhubaneswar"
5559,"Xavier Institute of Management and Research, Mumbai"
5726,"Xavier Institute of Communications, Mumbai"
8420,"School of Rural Management, XIM University, Bhubaneswar"
8728,"School of Sustainability, XIM University, Bhubaneswar"
11154,"Xavier Institute of Polytechnic and Technology, Ranchi"
14584,"Xavier Institute of Tribal Education College, Jamshedpur"
19493,"School of Human Resource Management, XIM University, Harirajpur"
19494,"School of Communication, XIM University, Bhubaneswar"
19495,"School of Commerce, XIM University, Bhubaneswar"
19599,"Xavier College of Hotel Management, Cuttack"
25402,"Xavier Business School, Kolkata"
28675,"XITE College, Gamharia"
30246,"School of Computer Science and Engineering, XIM University, Bhubaneswar"
30247,"School of Economics, XIM University, Harirajpur"
30248,"Xavier Law School, Bhubaneswar"
30323,"X-Gen College of Visual Art, Berhampur"
31262,"Xi'an Jiaotong University, Xi'an"
40363,"Xplora Design Skool, Ahmedabad"
40407,"Xavier Institute of Business Management Studies, Mumbai"
40876,"XAVIER-EMLYON Business School, Harirajpur"
40990,"Xavier School of Management, Jhajjar"
41051,XEd Institute of Management
41672,"Xavier Institute of Management and Design, Greater Noida"
50094,"Xavier Institute of Management and Informatics, Jaipur"
52698,"Xavier Law School, St Xavier's University, Kolkata"
54127,"XLRI-Xavier School of Management, Delhi NCR, Jhajjar"
55572,"Xavier Institute of Management, Jabalpur"
56202,"Xavier University, Cincinnati"
58036,"Xiamen University, Xiamen"
58104,"Xuzhou Medical University, Xuzhou"
58145,"Xidian University, Xi'an"
58150,"Xi'an Jiaotong-Liverpool University, Suzhou"
161,"JC Bose University of Science and Technology, YMCA, Faridabad"
162,"Yogi Vemana University, Kadapa"
173,"Younis Sultan College of Engineering, Hyderabad"
768,"Dr Yashwant Singh Parmar University of Horticulture and Forestry, Nauni"
811,"Yenepoya University, Mangalore"
975,"Dr YSR University of Health Sciences, Vijayawada"
1113,"Yashwantrao Chavan Maharashtra Open University, Nashik"
1521,"Yashwant Nursing Institute, Kodoli"
2251,"Yaduvanshi College of Engineering and Technology, Sohali"
2575,"Yugantar Institute of Technology and Management, Rajnandgaon"
2576,"Younus Institute of Technology, Kollam"
2577,"Younus College of Engineering, Kollam"
2578,"Younus College of Engineering and Technology, Kollam"
2579,"Yogananda Institute of Technology and Science, Tirupati"
2580,"Yogananda College of Engineering and Technology, Jammu"
2581,"Yeshwantrao Chavan College of Engineering, Nagpur"
2582,"Yellamma Dasappa Institute of Technology, Bangalore"
2583,"Yashoda Technical Campus, Satara"
2584,"Yamuna Institute of Engineering and Technology, Yamuna Nagar"
2585,"Yagyavalkya Institute of Technology, Jaipur"
2587,"Yaduvanshi College of Engineering and Technology, Mahendergarh"
2588,"Yadavrao Tasgaonkar Institute of Engineering and Technology, Raigad"
2589,"Yadavrao Tasgaonkar College of Engineering and Management, Raigad"
5139,"Yadavindra Department of Engineering, Talwandi Sabo"
5560,"YMT College of Management, Navi Mumbai"
5877,"Yenepoya Dental College, Mangalore"
6259,"YMT Dental College and Research Institute, Kharghar"
6270,"Yogita Dental College and Hospital, Khed"
6937,"Yalamarty Pharmacy College, Visakhapatnam"
7799,"Yadavrao Tasgaonkar School of Business Management, Karjat"
7866,"YB Chavan College of Pharmacy, Aurangabad"
7889,"Yadavrao Tasgaonkar Institute of Pharmacy Bachelor Degree, Karjat"
8485,"Yeldo Mar Baselios College, Kothamangalam"
8549,"Yashwantrao Mohite College of Arts Science and Commerce, Pune"
8913,"YSR Engineering College, Proddatur"
8988,"Yashwantrao Chavan School of Rural Development, Shivaji University, Kolhapur"
9119,"Yashvantrao Chavan College of Pharmacy, Ahmednagar"
9476,"Yashwant Ayurvedic College Post Graduate Training and Research Centre, Kodoli"
9547,"Yeshwant Mahavidyalaya, Wardha"
9559,"Yavdarao Tasgaonkar Institute of Management Studies and Research, Raigad"
9651,"Yashwantrao Mohite Institute of Management, Karad"
9891,"Yashwantrao Chavan Law College, Pune"
10169,"YVNR Government Degree College, Krishna"
11001,"Yashwantrao Bhonsale Polytechnic, Sawantwadi"
11009,"Yadavrao Tasgaonkar Polytechnic, Karjat"
11016,"YD Mane Institute of Technology, Kagal"
11295,"Yaduvanshi College of Education, Mahendragarh"
11296,"Yaduvanshi College of Education, Sohali"
11297,"Yaduvanshi College of Education, Narnaul"
11298,"Yash College of Education, Rohtak"
1743,"Zee Institute of Creative Arts, Mumbai"
4566,"Zeal College of Engineering and Research, Narhe"
5280,"Zakir Husain College of Engineering and Technology, Aligarh Muslim University, Aligarh"
7101,"Zakir Husain Delhi College, Delhi"
7122,"Zakir Husain Delhi College Evening, New Delhi"
8297,"Zeal Institute of Management and Computer Application, Pune"
10954,"ZF Wadia Womens College and NK Jhota College of Commerce, Surat"
11080,"Zenith Institute of Science and Technology, Bhubaneswar"
12023,"Zeal Polytechnic, Pune"
12926,"Zulekha Nursing College, Mangalore"
16705,"ZA Islamia PG College, Siwan"
19339,"The Zamorin's Guruvayurappan College, Calicut"
19489,"Zisaji Presidency College, Kiphire"
20760,"Zion College of Physical Education, Kadapa"
23969,"Zeal Institute of Business Administration Computer Application and Research, Pune"
24209,"Zydus Medical College and Hospital, Dahod"
24236,"Zoram Medical College, Falkawn"
25733,"Zee Educational Foundation Institute of Pharmacy, Aurangabad"
26186,"Zee College of Pharmacy, Unnao"
26708,"Zenith School of Management, Khordha"
26813,"Zulal Bhilajirao Patil College, Dhule"
26822,"Zulekha College of Commerce Science and Technology, Nagpur"
27930,"Zadbuke Institute of Pharmacy, Puri"
29236,"Zunheboto Government College, Zunheboto"
29812,"Zila Parishad Agriculture College, Banda"
33855,"Zurich University of Applied Sciences, Winterthur"
40289,"Zee Institute of Creative Art, Pune"
40382,"Zee Institute of Creative Arts, Indore"
40400,"Zee Institute of Creative Art, Guwahati"
51137,"Zainab Memorial B Ed Centre, Kasaragod"
51915,"ZOHAR's College of Education, Nandyal"
51941,"Zenex Vision Degree College, Nellore"
53695,"Zacistha Educational Institute, Lucknow"
54788,Zell Education
56503,"Zagdu Singh Charitable Trust's, Thakur Shyamnarayan Degree College, Mumbai"
57543,"Zeppelin University, Friedrichshafen"
57951,"Zee Institute of Creative Art, Bhubaneswar"
58074,"Zhejiang University, Hangzhou"
58077,"Zhongnan University of Economics and Law, Wuhan"
58090,"Zhengzhou University, Zhengzhou"
58116,"Zhejiang Chinese Medical University, Hangzhou"
58133,"Zhejiang University School of Medicine, Hangzhou"
58152,"Zhejiang Normal University, Jinhua"
58574,"ZH Unani Medical College and Hospital, Siwan"
59221,"Zainul Haque Sikder Womens Medical College, Dhaka"
59453,"Zayed University, Abu Dhabi"
59562,"Zaporizhzhia State Medical and Pharmaceutical University, Zaporizhzhia"
60129,"Zee Institute of Creative Arts, Lucknow"
60375,"Zurich University of the Arts, Zurich"
1362,"DAV University, Jalandhar"
